packet	real	table	ratio
analog-man-prince-of-tone	0.0000065295881843936345	0.0000065295881843936345	1
belton-brick-reverb	8.220241910836013e-8	8.220241910836013e-8	1
big-muff-pi-ec3003-rev-f	2.261349911928142e-10	2.261349911928142e-10	1
big-muff-pi-v3	3.756061075006922e-7	3.7560610750069216e-7	1.0000000000000002
big-muff-pi	4.134079692812016e-7	4.134079692812016e-7	1
bk-butler-tube-driver	9.381207929634496e-8	9.381207929634496e-8	1
boss-aw-2	0	0	0
boss-bd-2-blues-driver-keeley-mod	1.0409664110747464e-7	1.0409664110747464e-7	1
boss-bd-2-blues-driver	1.1526623587460386e-7	1.1526623587460386e-7	1
boss-bf-2	0	0	0
boss-bf-3	0	0	0
boss-ce-1	0	0	0
boss-ce-2	1.1542791920763355e-11	1.1542791920763355e-11	1
boss-ce-2b	5.20997752701492e-9	5.20997752701492e-9	1
boss-ce-5	0	0	0
boss-ch-1	0	0	0
boss-cs-2	0	0	0
boss-cs-3	5.479857658336432e-7	5.479857658336432e-7	1
boss-dd-2	0	0	0
boss-dd-3a	4.4052352842889886e-14	4.4052352842889886e-14	1
boss-dd-3b	1.265731581893684e-13	1.265731581893684e-13	1
boss-dd-5	1.1052535428816257e-11	1.1052535428816255e-11	1.0000000000000002
boss-dm-2	0.005607517701977011	4.3344424548832793e-10	12937114.197143063
boss-dm-3	0	0	0
boss-ds-1	2.2365723978917276e-7	2.2365723978917276e-7	1
boss-ds-2	5.4948147654735253e-8	5.4948147654735253e-8	1
boss-dsd-3	0	0	0
boss-fa-1	2.5187882102939963e-8	2.5187882102939963e-8	1
boss-ge-7	2.7975539149728247e-12	2.7975539149728247e-12	1
boss-hm-2	0.0000336273674053127	0.0000336273674053127	1
boss-hr-2	0	0	0
boss-lm-2	0	0	0
boss-md-2	1.2889395133097907e-7	1.2889395133097907e-7	1
boss-mt-2	0.007756194751742015	0.007756194751742016	0.9999999999999999
boss-nf-1-noise-gate	4.74637687534223e-10	4.74637687534223e-10	1
boss-oc-2	4.459550379224985e-11	4.459550379224985e-11	1
boss-oc-3	0	0	0
boss-od-1	0.00000991106369942483	0.00000991106369942483	1
boss-od-3	0	0	0
boss-os-2	0.000016985369529409534	0.000016985369529409534	1
boss-ph-1r	2.690918801931574e-10	2.690918801931574e-10	1
boss-ph-2	0	0	0
boss-ph-3	0	0	0
boss-pq-4	0	0	0
boss-ps-2	0	0	0
boss-rt-2	0	0	0
boss-rv-3	0	0	0
boss-rv-5	0	0	0
boss-rv-6	0	0	0
boss-sd-1	2.2940459498669043e-7	2.2940459498669043e-7	1
boss-sg-1-slow-gear	7.230341025588321e-8	7.230341025588323e-8	0.9999999999999998
boss-sp-1-spectrum	2.34415684300802e-11	2.34415684300802e-11	1
boss-st-2	0	0	0
boss-tr-2	6.112607119795501e-10	6.112607119795501e-10	1
boss-tu-3	2.5250807293864502e-8	2.5250807293864506e-8	0.9999999999999999
boss-tw-1	0	0	0
boss-vb-2	0	0	0
dallas-arbiter-fuzz-face-ac128	1.3286986822519972e-7	1.3286986822519972e-7	1
dallas-rangemaster-original-treble-booster	3.488226512927165e-9	3.488226512927165e-9	1
dan-armstrong-green-ringer	8.994271368217684e-8	8.994271368217684e-8	1
digitech-drop	0	0	0
dod-envelope-filter-440-vintage-green	5.372892854121043e-8	5.372892854121043e-8	1
dod-fx59-thrashmaster	2.481143617901725e-8	2.481143617901725e-8	1
dod-preamp-250	2.0962160756703333e-8	2.096216075670333e-8	1.0000000000000002
earthquaker-devices-plumes	7.272079977186113e-7	7.272079977186113e-7	1
electro-harmonix-bad-stone	0	0	0
electro-harmonix-deluxe-memory-man-eh7550	6.132268856081929e-12	6.132268856081929e-12	1
electro-harmonix-deluxe-memory-man	0	0	0
electro-harmonix-electric-mistress	0	0	0
electro-harmonix-frequency-analyzer	2.957168971629555e-15	2.957168971629555e-15	1
electro-harmonix-holy-grail	1.6868163758025165e-10	1.6868163758025163e-10	1.0000000000000002
electro-harmonix-lpb-1	1.2481967664028207e-7	1.2481967664028207e-7	1
electro-harmonix-q-tron	0	0	0
electro-harmonix-slapback-echo	0	0	0
electro-harmonix-small-stone	6.987317979887923e-9	6.987317979887923e-9	1
ernie-ball-vp-jr	0	0	0
foxx-tone-machine	0.000004419803951119305	0.000004419803951119304	1.0000000000000002
fulltone-ocd-v1.4	3.643381934996855e-7	3.643381934996855e-7	1
ibanez-dl5	6.421716740886194e-15	6.421716740886194e-15	1
ibanez-pql	1.409768834664504e-14	1.4097688346645038e-14	1.0000000000000002
ibanez-ts808	0.000004457895235117703	0.000004457895235117703	1
ibanez-ts9-reissue	0.000004208844364649275	0.000004208844364649275	1
ibanez-ts9	0.0000042326892698579115	0.0000042326892698579115	1
interfax-harmonic-percolator	0.000006408085952072053	0.000006408085952072053	1
jhs-424-gain-stage	5.859700988322646e-8	5.8597009883226465e-8	0.9999999999999999
jhs-clover	0	0	0
jhs-morning-glory	2.8045191726423263e-7	2.8045191726423263e-7	1
jim-dunlop-cry-baby-gcb-95	7.904174306288713e-10	7.904174306288712e-10	1.0000000000000002
jim-dunlop-fuzz-face-jh2	0.000005178569203951044	0.000005178569203951044	1
jim-dunlop-fuzz-face	0.000005178569203951044	0.000005178569203951044	1
keeley-compressor-plus	6.676622460194288e-11	6.676622460194288e-11	1
klon-centaur	6.652018430031254e-10	6.652018430031255e-10	0.9999999999999999
maestro-fz-1a	6.603753816228769e-10	6.603753816228768e-10	1.0000000000000002
marshall-blues-breaker	5.649650329611268e-9	5.649650329611268e-9	1
marshall-guvnor-drivemaster	5.334818381573825e-10	5.334818381573826e-10	0.9999999999999998
moogerfooger-mf-102	0	0	0
mxr-blue-box	0.19776787163372359	0.19776787163372359	1
mxr-carbon-copy	0	0	0
mxr-distortion-plus	1.482821404111416e-7	1.482821404111416e-7	1
mxr-dyna-comp	0	0	0
mxr-m117r-flanger	0	0	0
mxr-micro-amp	8.729105229589624e-13	8.729105229589624e-13	1
mxr-micro-flanger	0	0	0
mxr-noise-gate-line-driver	4.086972352849979e-8	4.086972352849979e-8	1
mxr-phase-45	1.2452796760540544e-7	1.2452796760540542e-7	1.0000000000000002
mxr-phase-90-early-block	0.0036097004180145617	0.0036097004180145617	1
mxr-phase-90-script	9.27304785271794e-7	9.273047852717941e-7	0.9999999999999999
mxr-phase-90	0.00003932143617861656	0.00003932143617861656	1
nobels-odr-1	0	0	0
pigtronix-philosophers-tone	1.1260518709007489e-13	1.126051870900749e-13	0.9999999999999999
pro-co-rat-2-v4b-op07cp	0.000001222537582390498	0.0000012225375823904978	1.0000000000000002
pro-co-rat	0.0000021327228221115165	0.0000021327228221115165	1
pt2399-delay	7.279560822490401e-10	7.279560822490401e-10	1
runoffgroove-tremulus-lune	2.2870871648419455e-10	2.2870871648419455e-10	1
schaller-tremolo	9.13250404922433e-10	9.13250404922433e-10	1
sola-sound-mki-tone-bender	1.548153538936272e-7	1.548153538936272e-7	1
sola-sound-tone-bender-professional-mkii	2.1660052922482557e-11	2.1660052922482553e-11	1.0000000000000002
tape-echo	2.1975158396540832e-10	2.1975158396540832e-10	1
tycobrahe-octavia	5.181897439145471e-7	5.18189743914547e-7	1.0000000000000002
univox-super-fuzz	0.00000320682888155154	0.0000032068288815515404	0.9999999999999999
vemuram-jan-ray	0.000004213124650807927	0.000004213124650807927	1
zvex-fuzz-factory	1.8617340303540798e-8	1.8617340303540798e-8	1
dumble-overdrive-special	0.7711866044485792	0.7711866044485792	1
fender-5e3-deluxe-tweed	1.3090763774630844e-9	1.3090763774630844e-9	1
fender-5f1-champ	5.158105958558273e-9	5.1581059585582725e-9	1.0000000000000002
fender-bassman	1.5146895406980226e-8	1.5146895406980226e-8	1
fender-super-reverb-aa1069	2.8387004816899636e-10	2.8387004816899636e-10	1
fender-super-reverb	3.1650821225009325e-10	3.1650821225009325e-10	1
fender-twin-reverb	7.138896230443923e-11	7.138896230443923e-11	1
hiwatt-dr103	0.06584806243280421	0.06584806243280422	0.9999999999999998
marshall-1959-super-lead-plexi	7.972481348936131e-8	7.972481348936131e-8	1
marshall-jcm800	3.8252539621333494e-7	3.8252539621333494e-7	1
marshall-jtm45	6.40476763593754e-8	6.404767635937541e-8	0.9999999999999998
mesa-boogie-dual-rectifier	4.1790045580494066e-9	4.1790045580494066e-9	1
mesa-boogie-mark-v	1.0842271479142804e-7	1.0842271479142805e-7	0.9999999999999999
orange-gro100	7.452325962600311e-10	7.452325962600311e-10	1
orange-rockerverb	1.2826764125955264e-9	1.2826764125955264e-9	1
peavey-5150	1.0695170245872855e-7	1.0695170245872857e-7	0.9999999999999999
roland-jc-120-jazz-chorus	4.3343202868676185e-14	4.3343202868676185e-14	1
soldano-slo-100	1.652393169866354e-9	1.652393169866354e-9	1
sunn-beta-lead	2.282731376005852e-9	2.2827313760058525e-9	0.9999999999999998
trainwreck-express	8.376272044303415e-9	8.376272044303415e-9	1
vox-ac15-ef86-channel	2.3238817233261425e-10	2.3238817233261425e-10	1
vox-ac15-top-boost	9.738468628460917e-8	9.738468628460917e-8	1
vox-ac30-top-boost	0.000025365941635533336	0.000025365941635533336	1